ID,Class
53612,M
93540,M
55920,H
55411,H
18227,M
59164,M
115237,H
52946,H
79152,M
72204,M
77625,M
71621,M
19512,M
82157,M
63074,M
64517,M
97261,M
97560,M
129433,M
134797,H
151258,M
145600,M
114951,M
3712,H
68148,M
127644,M
28072,M
98416,H
113603,M
31302,M
5540,M
125397,H
27718,M
7808,H
129506,M
54429,M
92975,M
92451,M
33284,M
134965,M
85327,M
33978,M
126595,M
136888,M
45997,M
109959,M
53883,M
57542,M
24568,M
15466,H
1954,H
117520,H
16400,H
47589,M
81558,M
135278,H
128105,M
47008,M
85762,M
144812,H
4288,M
44642,M
59914,M
126352,M
115547,H
33506,H
41955,M
43952,H
94052,M
31279,M
127781,H
94576,H
135557,M
139590,M
8243,M
137509,M
61427,M
11994,M
44891,M
13664,M
80807,M
82572,H
65614,M
83905,M
80328,M
22662,M
88367,M
69048,H
89344,M
51830,M
106489,M
40212,M
110402,M
97939,M
44448,M
63119,M
111520,M
33331,M
50330,H
135052,M
56819,M
110868,H
44350,M
83969,H
120358,H
126503,M
63917,H
54265,H
120997,M
37951,M
42186,H
113856,H
105110,M
16501,M
6669,M
140185,H
148541,M
81212,H
63017,H
16838,H
61561,M
58268,M
10808,H
28008,M
52623,M
8380,M
93896,M
147924,M
3475,H
62051,H
43532,M
61733,M
73985,M
50807,M
32787,M
85677,M
53190,M
145220,H
50099,M
91881,M
139194,M
125468,M
117268,M
50142,M
88040,H
72374,H
54641,H
73664,H
76658,M
46506,M
59448,M
125651,M
125776,H
65400,M
90627,M
34329,M
97027,M
139399,M
131105,M
51831,M
115839,M
24489,H
121829,H
106845,H
41017,M
71867,H
35615,M
84016,H
142702,M
130259,M
141828,M
115542,H
55520,M
57243,H
60295,H
75241,M
6733,H
2712,H
409,M
34046,H
26310,M
134646,M
27570,M
19089,H
2007,M
108934,M
37675,M
5746,H
86816,M
135584,H
58719,H
74207,M
101397,M
69322,M
21911,H
97319,H
4727,M
138094,M
70285,M
105648,M
66895,M
149526,M
16561,H
103517,M
21255,M
68771,M
58031,M
96206,M
69090,M
150168,M
97644,M
98607,M
18610,M
111669,M
111410,H
26129,M
90449,M
92147,H
26361,M
76105,M
26349,M
65860,M
36569,M
140787,M
32251,M
75164,M
119128,M
129669,M
97148,M
124750,M
112093,M
141765,M
84159,M
72461,M
106681,M
50255,M
31926,H
85755,M
136698,M
41643,M
117722,M
123317,M
40956,M
64019,M
119946,M
98255,M
70189,M
85345,H
25755,H
118059,M
86369,M
90027,M
147791,H
88453,M
44191,M
44548,M
28127,M
93152,H
140566,H
13962,H
11102,M
131420,M
125643,M
98560,M
3536,H
77229,M
51079,M
101789,M
137578,M
5879,M
121910,M
22436,H
55856,H
35535,M
32468,H
111449,M
107694,H
10488,M
104753,M
82411,M
1404,H
104620,M
53760,M
98300,M
5074,M
79415,H
86955,M
35986,M
50992,M
45068,M
39661,H
28061,M
114312,M
43478,M
62350,M
103260,M
80719,M
110359,M
65679,M
107633,M
29666,M
98501,H
100569,M
15326,M
120950,M
142003,H
149659,H
100165,M
109720,H
3805,H
15431,M
11442,M
19404,M
5012,M
68991,M
106119,H
38360,M
135682,M
58747,H
117423,M
23140,H
85596,M
91471,M
111305,M
106797,H
87378,M
132855,H
103920,M
72113,M
10317,M
11031,M
21916,M
62076,M
30146,M
143206,M
127159,H
3216,M
18329,M
75676,M
32582,H
9416,M
71416,M
62683,H
27257,M
94669,H
123190,H
8258,M
55938,H
83027,H
56640,M
3579,M
150910,H
29837,M
61724,M
149379,M
85924,M
126131,M
104126,M
90831,M
47101,M
87632,M
90924,M
44735,M
133451,H
79942,M
120448,M
62310,H
29708,M
43081,H
148273,M
111118,M
136647,M
97121,M
121200,M
150008,H
63711,M
118300,M
41879,M
91279,M
137557,M
46655,M
50526,H
30965,H
441,M
67810,M
119730,M
22567,M
38299,M
119945,M
34856,M
147431,M
84290,H
72438,M
123251,M
65014,H
94098,M
75705,H
30359,M
126165,M
71269,M
142812,M
105640,M
80497,M
126005,H
139670,M
27371,M
140383,M
73575,M
37999,M
30781,M
110108,H
16386,H
51550,M
8825,M
131047,M
61053,M
146711,M
102368,M
69229,H
29367,M
60643,M
23083,H
27020,H
56015,M
116625,M
98811,H
44346,H
81545,M
43681,M
34038,M
23030,H
93756,M
138091,H
54468,M
25990,H
35101,H
59934,H
40816,M
122062,M
8094,M
7221,H
63748,M
67799,M
26495,M
36554,H
75176,H
145142,H
90362,M
134286,H
72913,M
24352,H
47239,M
107669,H
98077,M
65968,M
58310,M
29665,H
42665,M
26067,M
97336,H
114096,M
64377,M
58855,M
75798,M
124571,H
110596,M
130819,M
106213,M
46766,M
90099,M
123589,M
57419,H
3330,H
114555,M
16547,M
65733,M
13533,M
25667,M
86205,H
21292,M
133879,M
61680,H
116127,M
55376,M
143420,H
81172,M
135706,M
59473,M
81128,H
63974,H
70552,H
64648,M
44727,H
125116,H
80080,M
150744,H
23068,M
116688,M
50972,H
36533,M
105860,H
112190,H
36698,M
72688,H
47137,M
1020,M
137812,H
71489,M
115820,M
99816,M
141135,M
46808,H
81575,M
109648,M
69685,M
32570,M
52349,M
3544,M
53203,M
69836,M
135632,M
44366,M
69273,M
132601,M
104129,M
422,M
29892,M
145683,H
10780,M
65872,M
67650,M
31635,M
78755,M
7827,M
112767,M
50156,M
27800,M
19252,M
106058,H
32155,M
79345,M
132446,M
25646,H
1358,M
71397,M
64668,M
42397,M
75813,M
101346,M
116397,M
24304,M
30200,H
73577,M
42249,M
135354,M
56042,M
63365,H
125027,M
110370,M
136921,H
64655,H
93350,M
81257,H
64989,M
36773,H
148417,M
15267,H
149183,M
124332,M
55166,M
52106,M
133594,M
50243,M
32262,H
111815,M
124025,H
14982,H
49333,M
150653,M
127584,M
98075,M
23170,M
48004,M
38718,M
16320,M
85463,M
150940,M
98951,M
93441,M
44529,M
30443,M
73721,M
144105,M
114853,H
112105,M
148265,H
141215,M
23619,M
58846,H
10951,M
87953,M
139038,M
16430,H
147180,M
126972,H
132347,M
109189,M
9653,M
56857,M
117703,H
6993,M
53675,M
110090,M
58562,M
144388,H
3231,M
69526,M
124790,M
126687,M
11322,M
124303,H
62706,H
23651,H
121048,M
82793,M
149923,M
98903,H
128237,M
138758,M
40773,M
89461,H
3440,M
149415,M
22903,M
73998,M
76444,M
92686,M
48181,M
31189,M
147229,M
121264,M
106724,M
83979,H
139545,M
119973,M
125039,M
82073,M
36959,M
12306,M
35698,M
37754,M
77045,M
113438,M
23764,M
8670,M
40536,H
113958,M
64100,H
44116,M
3331,H
36484,M
10249,M
120493,M
73973,M
4507,M
39196,H
120360,M
119723,M
107607,M
49248,H
138193,M
114730,M
53770,M
122858,H
144526,H
7472,H
117723,M
121979,M
12337,M
87385,M
14595,M
104470,M
55495,H
85964,M
25859,M
132603,M
109436,H
27351,M
54010,H
112622,M
11297,H
26044,H
102273,M
26191,H
43188,H
133160,H
41250,H
101112,M
112683,M
136522,M
100985,M
65916,M
48665,M
114009,H
5055,M
24949,M
145924,M
74291,M
109866,M
3798,M
26614,H
79805,H
120048,M
73968,M
94293,M
107042,H
58720,M
124581,M
68535,M
92384,H
131781,M
44453,M
109505,M
30122,M
5647,M
53094,M
144891,M
121590,M
134948,M
127711,M
81931,M
86195,M
77493,M
127777,M
57810,M
49175,H
100303,M
50042,M
120884,M
3932,H
92200,M
97865,M
144004,M
129898,M
43243,M
116690,H
144794,M
131576,M
137828,H
130279,M
104380,M
120274,M
77673,M
31824,M
120684,H
19024,M
79118,M
107916,M
131608,M
55004,M
39536,H
45441,M
76637,H
39849,M
124595,H
24737,M
104188,H
40353,H
61326,H
146746,M
142669,M
97208,M
19210,M
148060,M
113077,M
52254,M
54978,M
114170,H
80555,H
16419,M
3489,M
54898,H
80544,M
107015,H
42029,M
82044,M
92622,M
108108,M
73936,H
30843,M
25051,M
30547,M
143675,M
125400,H
104087,M
13980,M
102714,M
99315,H
36234,M
8759,M
82088,H
135311,M
110466,H
61983,M
143188,M
1750,M
102388,M
74661,M
60840,M
34793,M
85923,H
4287,H
5560,M
42272,M
98451,M
91038,H
123753,M
91607,M
98842,M
67221,H
48458,H
26309,H
117624,M
137403,M
43368,M
55266,M
13336,H
130307,M
130479,M
143480,H
41469,M
85146,M
128288,M
4233,M
55367,M
144192,H
74882,M
81409,M
136561,M
799,H
80877,M
133968,H
41965,M
17657,H
46526,M
119769,H
129643,M
3328,H
29879,M
94040,M
11060,M
111744,M
19760,M
2599,M
58879,M
7395,H
76698,M
95107,H
118985,M
88761,M
98516,M
100526,H
64050,H
84903,M
130370,M
120263,M
107095,H
110145,H
99102,M
145246,M
150328,H
37748,M
20107,M
101167,M
125380,H
107804,M
126909,H
67826,M
11466,H
71703,H
140572,M
75909,M
16750,H
34480,M
126926,M
50681,M
114990,M
63525,M
43451,H
118306,M
120080,M
294,M
109370,M
143836,H
9116,M
97651,M
9602,M
126725,M
27492,H
89762,M
58094,H
132853,M
54508,M
54477,H
88202,M
50316,M
119751,M
2907,M
90023,H
134519,M
70653,H
137313,H
4311,H
78833,M
136960,M
124503,M
147973,M
150801,M
105493,M
116197,M
33362,M
100236,M
75500,M
150605,M
55943,H
51454,M
69227,M
106760,M
51824,H
100311,M
8624,M
30941,M
133633,M
9016,H
134355,M
144446,H
127811,M
40506,M
83044,M
75756,M
20191,M
9404,M
87623,M
4967,H
57953,M
121032,M
107397,M
58796,M
137651,M
122611,H
24096,M
121697,M
59691,H
115856,H
10945,M
61136,M
55598,M
31919,M
13972,M
61478,M
53397,H
107714,H
150177,M
111564,M
60908,M
133113,H
126873,M
42178,H
128498,M
95298,M
37186,M
138897,M
45049,H
70517,H
12904,M
129042,M
65448,M
115924,M
89217,M
123026,M
126945,H
127148,M
126850,M
115809,M
112844,M
41876,H
109973,M
146070,H
34092,H
47803,H
75478,M
120281,M
107431,M
4251,M
11405,M
137534,H
143766,M
103773,M
148837,M
11513,H
129513,M
125624,M
50887,M
87288,H
46666,H
11634,M
96871,H
68903,H
146044,M
39322,M
32220,H
113712,H
39002,M
85367,M
14999,M
77078,M
7623,M
146730,H
7815,H
148023,M
96638,M
16273,M
76457,M
28445,M
79130,M
51701,H
33297,M
63334,M
86986,H
97753,M
48377,H
123516,M
59557,M
121179,M
145789,M
41949,H
51137,M
144353,M
51458,M
24426,M
37109,M
4101,M
139154,M
125484,H
4845,H
138833,M
112077,M
73095,M
80989,M
63208,M
144424,M
56737,M
77519,M
127474,M
32400,M
63118,M
147601,M
1115,M
113299,H
95965,M
36447,M
60869,M
51513,M
100545,H
122060,M
104196,M
148196,H
31463,H
100790,H
117249,M
129158,M
136780,M
36596,M
20723,H
65236,H
20863,M
32329,M
139777,M
147700,M
102584,H
54625,M
66536,M
15866,H
308,H
20310,H
138784,M
102888,M
108000,M
26625,M
123373,M
18186,H
146808,M
9756,M
148294,M
108871,M
69312,H
50229,M
22345,M
24310,M
90736,M
22073,M
35774,M
142342,M
46299,H
72514,H
44947,H
81549,M
46633,H
14758,M
122865,M
124700,M
141834,M
9126,M
112167,M
138190,M
129453,M
21002,M
22495,H
42061,H
7410,M
74824,M
149702,M
32454,M
63911,M
14953,H
101587,M
134618,M
39881,M
38648,H
91482,M
121772,M
7615,M
63351,M
60038,M
24109,M
81860,H
145307,M
118050,M
20991,M
107900,M
135013,M
51418,M
129035,H
29597,M
109565,M
13466,M
136079,M
29908,M
136931,M
75449,H
26682,M
73622,M
97215,M
59628,H
64315,M
80201,M
3687,M
107355,M
89573,M
114774,M
2098,M
94884,M
19302,M
85274,M
134432,M
27508,M
103024,H
74137,M
125980,H
112528,M
34461,H
113248,M
84918,M
44991,M
63492,M
145449,M
55230,H
106479,H
16453,M
122703,H
51300,M
98668,H
82276,M
47353,M
25043,M
36454,M
1919,M
151350,M
93406,M
11739,H
22841,H
21957,H
40666,M
59649,M
8793,M
68301,H
55490,M
106746,M
49133,M
19756,M
40131,M
116325,H
98399,M
41720,M
57154,M
49402,H
137399,H
101066,M
71070,M
48058,H
134161,M
101143,M
101541,H
100609,H
119844,H
98925,M
67716,M
37427,M
52742,M
69314,M
98805,M
68890,M
126459,M
61074,M
140859,M
103048,M
131444,M
4978,M
27037,H
13246,H
129994,H
89885,M
31100,M
96421,M
9843,M
63292,M
38452,M
142345,H
4159,M
96376,H
104976,H
122453,M
88667,H
116001,H
21031,M
126658,H
52224,M
61857,H
41138,M
58203,M
72931,H
127429,M
2199,H
64186,M
50382,M
81567,H
138752,M
141387,M
91108,M
18336,M
66432,H
4426,M
121798,M
136259,M
4030,M
130846,M
18382,M
54853,M
97672,H
81094,M
81373,H
125662,M
6351,H
147408,M
90581,M
62520,M
10680,M
12458,M
91742,M
115034,M
150872,H
73933,H
55063,H
132084,M
98368,H
94803,H
39876,M
7024,H
37900,H
106084,M
6361,M
10542,M
36118,H
83532,M
150706,H
101438,M
63522,M
69207,H
14211,M
74965,M
114760,M
38549,M
94570,M
41165,M
68785,H
147702,M
127522,M
61789,H
88178,M
116494,H
80654,M
135036,M
64405,M
18797,M
129927,M
36881,H
20580,M
68727,H
42053,M
107342,M
137247,M
101481,M
62518,M
60325,M
141841,M
36391,H
34372,H
3535,M
101059,H
81656,M
874,M
92822,H
63792,M
59161,H
42965,M
56812,M
31510,H
139433,M
125181,H
3147,H
27273,M
127378,H
49238,M
150553,M
72608,M
137005,M
115768,H
12762,M
115219,M
109810,M
65023,M
48843,H
114001,M
133164,M
100153,M
81216,M
93429,M
118052,H
61604,M
143694,H
143863,M
47567,M
42146,M
53786,M
11778,M
47336,H
142793,M
108101,M
62091,M
112476,M
39153,H
97394,H
129839,M
72361,M
1574,M
107856,M
131772,M
126337,M
111238,M
146409,M
73565,M
130962,H
135257,M
116876,M
128535,M
141471,M
72869,M
31002,M
45759,M
16018,M
8040,M
15804,M
125275,M
24955,M
102937,M
3192,M
84467,M
74309,M
98504,M
11793,H
39149,H
129787,M
67543,M
299,M
623,M
49959,M
147084,H
81522,M
6732,H
127246,M
64865,M
27290,M
138323,M
100349,M
2026,M
143473,M
88499,M
87510,M
120277,M
148200,M
26623,M
6948,M
123168,M
15349,M
117385,H
65331,M
88159,M
91958,M
13308,H
132909,H
37881,H
48119,M
1903,M
61104,H
84524,M
122229,M
2714,M
16619,M
100359,M
30593,M
54796,M
23381,M
62246,H
36587,M
5963,M
127860,M
20513,M
85334,M
100972,M
47985,M
96252,M
118428,M
149216,M
140883,H
33557,H
12148,M
29463,M
66321,M
36631,M
26817,M
12025,M
36556,M
97807,H
45362,M
105033,H
51741,M
127025,M
47838,M
100538,M
71537,M
82626,M
123973,H
13652,M
37731,M
70889,H
16330,H
138081,H
19423,M
47467,M
26037,M
102514,M
119716,H
22691,H
14449,H
114108,H
52059,H
17773,H
144331,H
120775,M
35712,H
90363,M
50470,M
84976,M
149289,M
43912,M
135442,M
94849,M
88077,M
65506,H
2785,M
121595,M
131419,M
24611,H
48617,M
57954,H
59444,M
95196,M
101995,M
34562,M
1442,M
98692,M
139128,H
133369,M
99330,M
140066,H
65242,M
87547,H
134403,M
88710,M
121205,M
114738,M
120426,H
147612,M
41666,M
15322,M
70093,H
4899,M
110228,M
23979,H
110388,M
70912,M
44517,M
2985,M
43016,M
11428,H
28706,M
51503,M
85625,H
119550,H
38494,M
65817,M
141282,M
1665,M
83830,H
131650,M
7331,H
38946,M
73512,M
8251,M
6056,M
16214,M
68267,M
96092,M
89350,M
108524,M
146173,M
33068,M
89465,M
14407,M
3711,H
19798,H
111425,H
71553,M
115556,H
139966,M
135501,M
75152,M
93132,M
10314,M
98966,H
47246,M
18931,M
55141,M
72683,H
135315,M
7220,M
149037,M
68913,M
135917,H
71708,H
111714,H
24366,H
1476,M
14187,H
121872,M
100499,M
31103,M
55389,M
139174,M
104706,M
102038,M
11546,H
29355,H
65180,M
84807,M
103535,M
9368,M
77311,M
119721,M
31523,M
128091,M
11048,H
32448,M
121249,M
71467,H
33579,M
50371,M
22563,M
121948,M
88960,M
52050,H
17034,M
38441,M
120137,M
10325,H
66575,M
51603,M
49205,M
16228,M
134654,H
82725,M
150814,M
24770,M
146846,H
70796,M
122123,M
73929,M
107569,M
144027,M
51037,M
71311,M
54109,M
140444,H
108758,M
85131,M
142624,H
42395,M
145036,M
64221,H
14151,M
113324,H
127355,H
71034,H
120018,M
6231,M
77784,M
47680,H
96614,H
139152,M
56149,M
145410,M
94150,M
113525,H
70826,M
102516,M
53810,M
110317,M
23122,M
70981,M
119218,M
26539,M
120651,M
48889,M
7606,H
37822,M
96353,M
11792,M
97950,M
149251,M
128419,M
97196,H
3704,M
139939,M
135408,H
144264,M
71880,M
53845,H
87651,M
76727,H
9576,M
31450,M
114056,M
109513,M
101548,M
59599,M
137814,H
126388,M
16220,M
83364,M
6055,H
98106,H
86043,M
70282,M
78482,M
121076,M
91105,M
144283,M
137374,M
38926,M
148072,M
19178,M
150172,H
141870,H
65097,M
59943,M
78222,M
136585,M
107402,M
115980,H
10256,H
79901,H
132999,M
15346,M
76117,M
33413,M
104959,H
98819,M
57067,M
48951,M
6696,M
141559,M
76549,M
64404,M
37424,M
107312,M
25055,M
104633,M
96022,M
80435,M
123431,M
144417,H
141536,H
106503,M
56900,H
64442,M
83034,M
81526,H
118386,H
85930,H
137079,M
141812,M
132297,H
148348,M
80445,M
33667,M
113680,H
1219,M
112839,H
110269,H
51512,M
2355,M
22247,M
118725,H
109701,H
122567,M
113257,M
81225,M
66070,M
36108,M
43247,M
125566,M
44185,M
25490,H
26775,M
144497,M
126711,M
79406,M
45317,M
34759,M
20065,M
96098,M
69100,M
148791,H
61526,M
76776,H
94692,M
89609,M
125274,M
13957,M
148869,M
45231,M
59778,M
61842,M
8995,M
43520,M
39216,M
104845,M
7212,H
119325,M
96833,H
31106,H
115476,M
62233,M
38525,M
49975,M
124174,M
111211,M
134562,M
86897,M
37466,M
91168,M
141829,M
140264,M
141929,M
91595,M
45614,H
142295,M
66200,H
125178,M
27161,M
64742,M
43670,M
56834,H
88364,M
141638,M
66628,M
126368,M
34969,M
116928,M
98053,M
35620,M
44762,M
16774,H
146931,M
32958,M
101709,M
135738,M
114824,M
41279,M
59632,M
31502,M
142494,M
8014,M
139271,M
111377,M
1854,H
16487,M
79615,M
70958,M
122458,H
126426,M
138882,M
86602,M
41159,M
68,H
131482,M
111676,M
100396,M
92730,H
47160,M
119088,M
60440,M
60278,M
72856,M
75847,M
96706,M
102657,M
105423,H
58960,M
150908,M
15545,H
84545,M
41844,M
145401,M
29169,M
69424,M
37416,H
132129,M
144679,M
127724,M
84361,H
85675,M
25107,M
112386,M
59736,M
101473,H
72034,H
109249,M
41932,M
91438,H
122828,M
89532,H
39888,M
101539,M
36525,M
135593,H
67380,M
96863,H
83904,H
104004,H
136121,M
26362,M
107362,M
42273,M
23508,M
6890,H
107637,M
93698,M
114194,M
149725,M
135436,M
41826,M
15003,M
60665,M
132334,M
5962,M
16677,M
31412,M
7725,M
100213,H
22038,M
49457,M
108376,H
7476,M
91031,H
28511,M
21204,M
35911,H
60742,H
111823,M
46252,M
91730,M
129431,M
134194,M
17594,H
6211,M
68843,M
121945,M
75166,M
79975,M
47288,M
118674,H
31263,M
50122,M
48769,M
148882,M
48901,M
1427,M
142516,M
108909,M
19414,H
53488,H
92537,M
26056,M
131326,M
30087,M
9426,M
135587,M
8992,M
22840,M
59755,H
22710,M
86,M
17347,H
32688,M
41339,M
76744,M
140029,M
133982,M
67846,M
117313,M
40899,M
84851,H
87010,M
124347,M
21982,M
98921,H
55212,H
43364,M
119459,M
97288,M
126852,M
109763,M
127204,M
42568,M
62629,M
79289,M
8139,M
54687,M
41075,M
62037,M
77700,H
146208,M
137504,M
33248,M
150036,M
139457,M
66184,H
138145,M
69536,M
132404,M
142392,H
76954,H
78634,M
50867,M
129468,H
111816,H
84581,M
58065,M
52938,M
30217,M
128931,H
54724,M
104417,H
20568,M
83758,M
85534,M
89526,H
40940,M
105703,M
116584,M
108544,H
23444,M
78100,M
33448,H
141883,M
1791,M
26485,M
68104,M
70508,M
71731,M
3345,H
663,H
88390,H
132592,M
124677,M
58621,M
104815,M
102809,M
106978,M
121105,M
145064,M
58758,H
76681,M
5132,M
86183,M
67684,H
64471,M
21734,M
122831,M
20791,M
126312,M
8869,M
124619,M
126507,M
123536,H
67015,M
22727,M
98848,M
73977,H
49366,M
89894,M
39509,M
63051,H
98822,M
65508,M
76029,H
18341,M
122127,M
110752,M
102741,M
16974,M
18436,M
73186,M
143335,M
24668,M
132149,M
147599,M
98426,M
19040,M
29188,M
15297,M
97485,M
112037,M
147714,H
45621,M
141204,H
138669,H
3409,M
151233,M
33773,M
58378,H
76893,M
702,M
123874,M
35490,M
35008,M
13700,H
138798,M
104294,M
107805,M
108491,M
68063,M
59110,M
123284,M
13487,M
37108,M
17048,M
145117,H
96241,M
84964,H
123265,M
33703,M
60709,M
59078,M
131877,M
76354,M
70139,M
66738,M
32852,M
84975,M
127476,H
117966,H
75750,M
144320,M
87384,M
110167,M
34251,M
129402,H
120115,M
111008,M
58948,M
87525,M
5349,H
37732,M
39097,H
117593,H
16082,H
111419,M
102228,H
123910,M
107071,M
43442,M
59601,M
131477,M
75094,H
69966,M
121415,M
1411,M
139525,M
89734,M
128217,M
133560,M
77679,M
43760,M
76051,H
141956,M
123931,M
56203,H
67596,M
99025,H
70344,M
16062,M
96795,M
28633,H
78818,H
41560,H
48502,M
12702,M
148239,H
17797,M
49681,H
40986,M
116926,M
140974,M
88081,M
61603,M
22764,M
115527,H
142107,M
91803,H
10514,M
32362,M
5054,M
110325,M
122967,M
111405,M
7558,M
105634,H
33186,M
25832,M
103126,M
54998,M
36820,H
72847,M
126641,H
137629,H
141477,M
148619,H
89808,M
128226,M
48760,M
46717,M
31651,H
74148,M
100355,M
90336,M
44457,M
96711,M
20203,M
150046,H
37074,M
48019,M
40344,M
24118,M
5327,M
82731,M
7977,M
59979,H
65603,M
48237,M
18892,M
50959,M
36814,H
64724,H
56402,M
78736,M
19338,H
79972,H
103220,M
104018,M
60575,H
100873,H
135717,M
98372,M
51277,M
88564,M
13811,M
12804,H
53078,M
89930,M
113073,M
98754,M
28603,H
32785,M
22441,M
61252,H
149428,M
33083,H
77450,M
144042,H
100447,M
91739,M
139593,M
40702,M
119394,M
90878,M
94875,M
50910,H
129532,H
85726,H
58560,M
139785,M
121093,M
4381,M
132034,M
97276,H
26851,M
30836,H
33894,M
23064,M
22679,H
34992,M
8688,M
6335,M
104793,M
65100,H
15864,M
12737,M
95792,H
58148,M
94623,H
135934,M
106199,H
100855,M
73909,M
25700,H
28686,H
76273,H
139330,H
127346,H
5295,M
133520,M
31552,H
130725,M
63983,H
148658,M
95744,M
20200,H
62651,M
66456,H
80531,M
132013,H
134623,M
90991,M
47197,H
97155,M
66158,M
100269,M
61214,M
12122,M
40478,M
44115,M
65029,M
63744,H
93869,H
33328,M
124362,H
5235,M
98205,H
48894,H
19753,M
98067,M
27472,H
93914,H
136241,H
149391,H
55079,H
123985,H
103122,H
58014,M
145076,M
42833,H
38733,H
29206,M
108984,H
67063,H
146664,H
41377,M
106789,M
23383,H
84773,M
75229,H
138100,H
32583,M
118594,M
136660,M
96268,M
8313,M
138260,H
89621,H
58678,M
130630,M
48395,H
115225,M
96724,M
100891,H
148350,H
47868,M
56094,H
56681,M
45093,M
125571,M
91887,H
145228,H
65726,M
37397,M
2981,M
59130,M
62083,M
38995,M
29189,M
98769,M
37484,M
26506,M
115599,H
135291,M
20926,M
115549,M
52986,M
99832,M
32121,H
112743,M
147191,M
30024,M
150634,M
125261,H
86790,H
127314,M
83982,H
122571,M
81428,M
122962,M
127984,M
11381,M
123462,H
120941,M
8924,M
134752,M
85125,M
122300,M
23649,M
104701,M
87983,H
14800,M
11072,M
14019,M
101937,H
26886,M
47274,M
62492,H
103457,H
79742,M
132200,M
86294,M
16150,M
65707,H
19567,H
95548,H
126845,H
70841,M
136253,M
45503,M
108720,M
114861,M
60130,M
92202,H
78680,M
14217,H
15194,H
57968,M
63449,M
144010,M
96522,H
111161,H
143429,M
142668,M
11749,H
12118,M
131449,H
93257,M
28849,M
125287,M
27541,M
12203,H
42266,M
147182,M
48521,M
21765,M
34005,H
135839,M
44058,M
29448,M
58672,M
70407,M
50342,M
95103,M
33457,M
87125,H
595,M
33915,M
78245,M
126054,M
124748,M
36236,H
21482,M
109847,M
62077,M
143374,M
81458,M
74610,M
99683,M
111261,M
33322,M
15139,H
79074,M
67669,M
15569,M
43309,M
64589,M
71233,M
140359,H
98435,H
130988,M
86036,H
120172,M
99041,M
28190,H
48593,H
106090,M
49043,H
35822,M
67578,M
128348,M
99530,M
86571,M
136402,H
39688,H
58162,M
121492,M
61067,H
53709,M
45681,M
32194,M
41855,M
49390,M
142825,M
3804,M
14826,M
29518,H
49091,M
40360,M
112131,M
150942,H
26955,H
88975,M
45754,M
124800,H
63157,M
58957,H
91277,M
143450,M
91605,M
114276,H
26028,H
54455,M
90853,M
90890,M
128783,M
135662,M
105134,M
76298,M
138780,M
97364,H
47166,M
68953,H
34482,M
38543,H
95209,M
103886,M
50984,M
15703,M
101605,M
77485,M
31794,M
60050,M
21197,M
143901,M
130161,M
149270,M
10618,M
77742,M
33943,H
34701,M
85026,M
143241,M
15937,M
147484,M
83040,M
90251,M
91186,M
136802,M
65699,M
42790,M
59809,H
12442,M
698,M
48779,M
28154,H
93037,H
21526,M
58212,M
113173,M
149103,M
121263,M
82916,M
70206,M
131518,M
50634,M
30218,M
149046,M
66566,M
84706,M
111754,M
29643,M
149644,H
118133,M
41143,M
90158,M
59504,H
107062,M
125309,M
5091,M
12848,M
72661,M
92893,M
12634,H
24150,H
147548,M
151377,M
150705,M
123914,M
53310,M
2423,M
83444,M
139524,M
61467,M
25455,M
26860,H
28868,M
123351,M
100477,M
97271,M
34359,M
13509,M
121647,M
84265,M
73106,M
63796,M
124593,M
77887,M
132025,M
55872,H
107860,M
81333,M
60078,M
72171,M
24292,M
85169,M
65682,H
131835,M
104071,M
13329,M
73602,M
41263,M
67027,H
42483,M
6652,M
122535,M
135810,M
22081,M
151035,M
123461,M
33161,M
68943,M
137002,M
102074,H
30102,M
51881,M
3787,M
121113,M
12581,M
46781,H
74195,H
91152,M
134775,M
137357,M
26115,H
44847,M
24485,M
76788,H
138404,H
43796,M
66838,M
52596,M
97119,M
56673,M
121180,H
149874,M
4248,M
122511,M
29576,H
71081,M
61146,M
7947,M
95786,M
142448,M
66516,M
87880,M
80023,M
71122,M
34181,M
35500,M
134716,M
52602,M
117420,H
27632,M
135281,M
45881,M
15849,M
145597,M
116975,M
74507,M
44989,M
42721,M
139658,H
141996,M
90043,M
7241,M
72327,H
75267,H
13238,M
40831,M
112720,M
126636,M
5793,H
22294,M
100242,M
20491,H
107922,H
151409,H
23957,M
116090,M
5649,M
113136,M
82877,M
20582,H
94800,M
51327,M
34063,H
38021,M
52713,M
11642,H
100879,M
89619,M
92441,M
31738,H
48726,M
122087,H
142863,M
133821,H
66046,M
26650,M
6171,M
121926,H
15219,H
55267,M
109095,M
127201,M
71971,H
63543,M
134441,M
78278,M
97033,H
14212,M
136625,M
997,M
39114,M
33256,M
57574,H
48044,M
134613,M
128321,M
89877,H
52633,M
63987,M
141719,M
73382,M
109625,M
140307,M
117051,M
29675,M
38290,M
132631,M
50474,M
57458,M
44703,H
122563,H
2267,M
62351,H
24010,H
40431,H
116566,H
94054,M
88666,M
76544,H
33553,M
64143,M
101617,M
46463,M
85378,M
2424,H
68243,M
52425,M
14039,M
103248,H
13686,M
44226,H
27680,M
119726,M
1063,M
125615,M
65199,H
89351,M
80536,M
18581,H
12696,M
27964,M
87874,M
64671,M
130653,H
117996,M
34090,M
19552,H
56602,M
33759,M
105188,H
55750,H
6969,M
54808,H
107229,H
93082,H
14123,M
110324,M
35132,M
115343,H
148624,M
115305,H
115263,M
131963,M
22572,M
68247,H
144875,H
132583,H
114315,M
19556,H
57319,M
1036,H
38365,M
35937,M
123135,M
118680,M
85910,M
95207,M
86607,M
114408,H
145971,M
30788,M
143853,H
111014,H
119483,H
119458,H
53667,M
114973,M
123471,M
1711,M
17325,H
126361,H
88517,M
11758,M
121292,M
9559,M
280,M
82654,M
104175,M
62255,H
131057,M
131916,H
41557,H
53688,M
87415,H
110454,M
38637,M
75499,M
27924,H
142799,M
31880,M
123701,M
84464,H
60269,M
115830,H
64454,M
22560,H
125536,H
54731,M
103573,M
145411,H
78240,H
90014,M
50140,M
63570,M
5767,M
48156,M
125539,H
52329,M
1249,H
35914,M
33087,M
148515,M
111083,M
141161,H
107596,M
12852,M
22783,M
119428,H
40830,H
66007,M
141422,M
68194,M
77296,H
28846,M
80693,M
142141,H
91196,M
117620,M
13704,M
13208,M
128190,M
32797,M
112570,H
60455,M
79283,M
3671,H
170,H
81789,M
70901,M
126586,M
42691,M
55987,M
121453,M
17991,M
39808,H
83471,M
74769,M
134198,M
96093,M
104741,M
42942,M
59457,H
4389,M
128621,M
98865,M
85347,H
25912,M
3813,H
114396,M
129039,M
96524,H
89556,H
61285,H
143099,M
65556,M
76941,M
108456,M
41294,M
89607,H
48345,M
35814,M
134831,H
65975,M
12205,M
22174,H
16802,M
16125,H
46664,M
149392,H
65022,M
94612,M
54856,H
25712,M
101591,M
75004,H
43702,M
60423,M
93704,M
139592,M
98959,H
21931,M
23277,M
62647,M
141592,M
94839,H
141535,M
17160,M
113643,M
120064,M
1396,M
63866,M
80826,M
14910,H
75339,M
81533,H
66235,H
18399,M
22244,M
35760,M
125496,H
14359,M
98271,M
47527,M
86412,M
45058,M
84446,M
148670,M
148149,M
24620,M
144592,H
104006,M
36609,H
68161,H
111962,M
18713,H
119851,M
20133,M
725,M
150628,M
52021,M
119224,M
140268,M
37349,M
2110,M
103345,M
89078,M
87615,M
26691,M
23801,M
145700,M
6357,M
57461,M
101620,H
43194,M
127370,M
58426,M
132641,H
101257,M
75434,M
71164,M
24642,M
72430,H
149497,M
3448,M
58763,M
23982,M
60716,M
52406,M
116981,H
73990,M
29192,H
66388,M
65861,M
79238,M
28939,M
71994,H
38599,H
91828,M
84061,M
131928,H
53177,M
123396,M
104320,M
144483,M
45772,M
58564,H
62195,M
110953,M
63650,H
128811,M
29043,M
104281,H
4390,M
100935,H
33436,M
106505,M
52412,H
52367,H
83963,M
136575,M
102337,M
115058,H
94234,M
61670,M
290,M
28560,H
23324,M
146341,M
36817,M
74276,M
48902,H
131399,H
97360,M
98101,M
109225,M
91994,M
120153,M
77252,H
52035,M
109911,M
103968,M
30299,H
98289,M
79227,M
21010,H
72751,M
11703,M
65032,M
114997,H
11096,H
90372,H
75619,M
122667,M
92005,H
51843,M
25826,M
130241,H
53309,H
44177,M
25772,M
119820,M
134230,M
831,M
43677,H
44976,M
105289,M
98217,M
51385,M
28307,M
38855,H
35740,M
89261,H
84215,H
34217,M
4476,M
99332,M
19060,M
122170,H
26636,M
83891,M
105357,H
38439,M
57801,H
102011,H
26789,H
13162,M
119765,M
22559,H
6317,M
54276,M
22521,M
11697,H
88336,H
14028,M
20073,M
47550,M
127928,M
121338,M
44546,M
42822,M
41359,M
54005,H
140586,M
59612,M
66801,M
113505,M
85945,H
68747,M
129526,M
129649,M
22992,M
124517,H
101313,M
119934,M
73398,M
29352,H
146547,H
34371,M
108697,M
26524,M
144805,H
132732,M
23757,M
50504,M
8513,M
89478,H
103088,M
17417,M
150702,M
89632,H
77630,M
45188,H
108816,H
52799,M
83214,M
94823,M
17794,M
34255,H
106872,H
146609,M
34680,H
86468,M
39373,M
58449,M
53033,H
117117,M
77471,H
14181,M
104697,H
47307,M
48676,M
85851,M
2833,M
118722,M
135964,M
106038,H
101102,M
36461,M
78491,M
135011,M
129581,M
34319,H
22043,H
1409,M
91089,M
74939,M
126341,H
26478,M
148545,M
122532,M
31745,M
121403,M
68010,H
89172,M
129430,M
68410,M
47959,M
119123,H
64910,H
133509,H
22722,H
98373,H
88190,M
64108,H
99032,M
77906,M
112283,H
58637,M
86138,M
147476,M
37995,M
9583,H
127565,H
27854,M
147944,H
64983,H
53142,M
92199,H
148668,H
101159,M
72310,M
59434,M
431,M
130240,M
40922,H
75782,M
49125,M
26450,H
40855,M
20774,M
140492,H
47410,H
66540,M
88560,M
61260,M
24617,M
95795,M
146825,M
132748,M
105525,M
62763,M
103628,H
148172,M
80325,M
126737,M
56112,M
145948,M
36481,H
86876,M
52500,M
83859,M
1825,H
123353,M
140647,M
59637,M
104214,M
133704,H
91197,M
56716,M
25877,M
32711,M
139046,M
14986,M
146474,M
65904,M
30756,H
131303,M
147461,H
131623,M
139044,M
46471,M
50461,M
147824,H
60708,M
21553,M
148303,M
18249,M
38621,M
19545,M
134959,M
121950,H
77467,H
25351,M
94190,M
69731,M
110207,H
18935,M
37793,M
22485,M
63188,M
110175,M
71168,H
49915,M
10734,M
66199,M
6426,M
31980,M
40163,H
68628,M
58869,M
27343,H
45047,M
104197,M
125929,M
100146,M
56925,M
82176,H
24527,H
120918,M
18380,M
55721,M
26260,M
30089,M
43873,H
19069,H
75868,M
131281,H
113561,H
52653,H
104284,H
71836,M
109678,M
68849,M
43300,M
107236,M
112542,M
76602,M
10500,H
123318,M
144241,M
150687,M
80354,M
55609,M
149257,M
83077,M
62380,M
5681,M
131296,M
145675,M
43665,M
34108,M
18749,M
130914,M
134245,H
113474,M
70741,M
66269,H
81008,M
44156,M
119658,M
39162,M
70581,H
14347,M
14615,H
38528,M
103634,M
80900,H
2172,M
24547,M
36837,M
25718,M
119439,M
131,H
50447,H
84941,M
132412,M
20877,M
85269,H
24533,M
150440,M
107228,M
102021,M
133000,M
119986,H
51661,M
93418,M
124890,M
95729,H
146565,M
64367,M
114689,H
306,M
41870,M
25853,M
43723,M
113537,M
119719,H
97812,H
91761,M
38979,M
72482,M
101173,H
10829,M
86643,M
136334,M
110799,M
108311,M
4509,M
126763,M
4107,M
117537,M
57413,M
8640,M
84630,M
131771,H
32173,M
4263,M
40484,M
80048,M
88083,M
27129,M
147825,M
32459,M
58602,M
135824,M
74305,H
12952,H
3667,M
20242,H
113967,M
39082,M
117489,M
90928,M
133648,M
137090,M
125894,M
48146,H
15147,M
3601,H
29374,M
84165,H
75749,M
115325,H
64558,M
141757,M
49700,M
30702,M
8214,H
30739,M
78806,H
41325,H
84260,M
121789,M
120942,M
138186,M
86717,M
59108,M
146187,M
41155,M
60434,M
44635,M
88351,M
24155,M
111058,H
106371,H
49560,H
105613,H
100531,H
40905,M
6896,M
95453,M
63445,M
36823,M
36924,H
54570,H
54009,M
138445,M
14180,M
115479,M
48505,M
383,H
62610,M
23883,M
93301,M
59031,M
37476,M
131283,M
100839,H
150066,M
18813,H
126267,M
50837,H
85874,H
89491,M
13828,H
45496,M
79638,M
130510,H
93354,H
15766,M
48262,M
18429,M
76739,M
77242,M
122683,M
125470,M
27943,M
89074,M
125025,M
70756,M
121454,H
44129,M
147111,M
38336,M
40080,M
52982,M
145242,M
56413,M
30789,M
143353,M
122088,M
69820,H
125725,M
45479,M
130402,M
32246,M
94577,M
128764,M
4908,M
127541,M
85264,H
80624,H
128827,H
126772,M
75933,H
66280,M
20934,M
70337,M
17346,M
33177,M
118923,H
52396,H
84329,M
20564,M
115094,M
66364,M
99646,H
54141,M
139087,H
108238,M
88013,M
117611,M
106516,M
35522,M
69326,M
52307,M
98765,H
145046,H
139031,M
70339,M
30036,M
83377,H
32007,M
34823,M
70341,M
39,M
127946,M
18109,M
132142,H
120492,H
66766,M
84603,H
43871,H
55814,M
97737,H
77221,H
118995,M
138580,M
15790,M
57642,H
49029,M
57902,H
76552,M
10510,H
46764,M
116401,M
108,M
125902,M
8239,M
99196,M
96969,M
22007,M
67895,M
138281,H
56780,M
66869,M
42989,H
83121,M
97549,M
41995,M
91405,M
99796,M
73019,M
60156,M
64265,H
67970,H
77140,H
113562,M
31107,M
103619,M
53837,M
26491,H
92036,M
124583,M
52352,M
107447,M
50705,M
4750,M
77988,M
74344,M
149724,H
151042,H
69130,H
106749,H
8350,H
7087,M
74955,M
97542,M
141896,M
146539,M
102010,M
22442,H
34127,M
136105,M
34724,M
98343,M
133332,M
55135,H
1542,H
130136,M
75712,M
135826,M
126353,M
132270,M
20309,M
87768,M
45450,M
138967,M
90571,M
77421,M
59930,M
41077,H
18283,H
143375,M
96473,H
97656,M
75080,H
34456,M
34874,M
134078,H
111660,M
46711,M
62524,M
94128,M
34427,H
139512,M
133159,H
116591,H
78474,M
54595,H
135529,H
138900,M
100134,M
29053,M
106821,M
87756,M
61895,M
112590,H
39773,H
147908,M
142959,M
71916,M
5886,H
106302,M
51757,M
43542,H
2465,M
50335,M
123587,H
65496,M
124017,M
118773,H
90728,M
69845,M
89965,M
39732,H
73336,H
127626,M
21925,H
34530,M
129832,H
147045,M
139333,M
144308,M
70164,M
147070,M
60633,H
4011,M
27501,M
113811,M
44028,M
31940,M
98666,M
124348,M
30026,M
20069,H
2608,M
118635,H
61431,M
90313,H
31031,M
73362,H
57634,M
33478,M
85115,H
68491,M
26317,M
42711,M
52235,M
102631,M
15935,M
12043,M
74509,H
103922,M
105581,M
96046,M
108921,M
63243,M
47918,M
134718,M
67388,M
120791,M
64604,M
34104,H
31875,H
54221,H
90871,M
59853,M
42281,H
8067,M
90462,M
19051,H
97256,M
48466,H
74579,H
115197,H
48946,M
128743,H
82517,H
20861,M
15078,H
21584,M
81470,M
145134,H
25721,H
126413,M
134774,H
21953,M
96702,H
144492,M
31000,H
56910,M
47964,M
40233,M
89072,M
32343,M
24101,H
83146,M
108716,M
143080,M
33401,M
111902,M
90178,M
73753,M
73000,M
52584,M
131800,M
42744,H
86287,M
66310,M
86688,M
34467,H
122023,H
72048,M
88270,M
8723,H
97797,H
80631,M
136859,M
29485,H
12528,M
91409,H
5423,M
79425,M
125590,M
31451,M
113373,H
140937,M
69393,M
23592,M
31240,M
86830,M
6129,M
143543,M
114913,M
130549,H
45457,M
93046,M
71883,M
39408,M
57579,M
54879,M
46219,M
143323,M
136041,H
99319,M
149387,H
11193,M
145985,H
32953,H
102264,M
129829,H
80281,M
108146,M
75452,M
86203,M
53582,M
31281,M
94290,M
28273,M
97332,M
35078,M
63929,M
46183,M
101061,M
115588,H
118040,M
94686,H
38777,M
58887,M
112238,M
121816,M
70225,H
7872,M
18030,M
111146,M
116226,H
22879,M
142083,M
2246,M
106122,M
47927,H
86202,H
144803,M
71299,M
107719,H
56693,M
46734,M
99751,M
70738,H
70331,H
129752,H
144405,H
26718,H
45846,M
66443,M
151256,M
127092,M
14365,M
83960,H
26594,H
73281,M
27874,M
5413,M
2383,M
68666,M
92387,M
117458,M
39619,M
108327,M
117277,M
95636,M
67837,M
90781,M
146486,M
150792,M
45587,M
107040,M
39323,M
35666,M
89117,M
114704,H
8912,M
126905,H
17375,H
36478,M
45613,H
105589,M
82560,H
88187,M
86895,H
21206,M
98499,H
151185,M
120317,H
61061,H
28382,H
118003,M
14162,M
48675,M
35278,M
112094,M
95912,M
150303,M
113147,H
140918,M
39461,H
90891,M
113582,M
118669,M
59351,M
94188,H
113316,M
46803,H
71486,H
18228,H
68001,M
48071,M
149720,H
96512,M
13136,M
90556,H
117407,H
7861,M
26720,M
36073,M
12896,M
13752,H
129413,M
34443,M
18716,H
7633,M
134357,M
25973,H
57977,M
126354,M
43989,H
118852,M
149282,H
29841,M
57683,M
118692,M
138244,M
78117,H
19447,H
29047,M
49463,H
10874,M
71904,M
150534,H
46825,M
128612,M
31580,M
25406,M
29026,M
144971,H
128269,M
16073,M
80712,M
71229,M
24175,H
48928,M
29644,M
25036,M
131790,M
76002,H
22957,H
31268,M
8754,H
90630,H
122927,M
140335,M
84142,M
44532,H
40662,H
58209,M
51798,H
50904,M
111801,M
60570,M
65368,M
53570,M
132759,M
1531,M
61014,H
6992,M
129579,M
132500,M
20298,M
22411,H
2720,M
44852,M
64639,M
66211,M
138292,H
30037,M
94383,M
121081,H
27083,H
74643,M
24429,M
40828,M
95605,M
102202,M
5985,H
22310,M
151061,H
32032,H
151332,M
50726,M
36791,H
8890,M
145955,H
53141,M
116406,M
122019,M
98120,M
87643,M
81474,H
53672,M
69960,M
107849,M
28895,M
122249,H
39167,H
28909,H
135480,H
85093,M
90645,M
96158,H
75736,M
103414,M
81729,H
48174,H
44077,M
110708,H
84241,H
30435,M
141999,M
72561,H
73417,M
132375,M
135226,H
69603,M
64732,M
79517,M
132246,M
143948,M
45470,M
130644,M
33398,H
143563,H
126837,H
104467,M
142433,M
103239,M
83709,M
42287,M
27629,M
108324,M
127568,M
27008,M
71130,M
139419,M
150537,M
18827,M
65546,M
134940,M
71999,M
127967,M
93272,H
92616,M
131446,H
56709,M
104381,H
32701,M
25526,M
68602,M
28243,M
144521,M
39386,H
25685,M
66957,M
37400,M
115853,H
98943,H
9745,M
143337,M
53102,M
71572,M
16775,M
24108,M
134436,M
26441,M
126604,M
128489,M
31531,H
28589,M
105131,M
14021,H
62028,H
46328,M
75390,M
140579,M
71869,M
29797,M
102428,M
3779,H
2555,M
78560,M
474,M
29379,M
70855,M
127526,M
112551,M
141560,M
144184,M
45631,H
149059,H
24170,M
123448,M
71881,M
102574,M
50912,M
121307,M
144260,H
62247,M
130627,M
57748,H
69648,M
112989,M
7047,M
61258,H
142438,M
49802,M
41513,H
95624,H
143232,M
128375,M
141815,M
133439,M
120995,H
71384,M
70241,H
149346,M
6325,M
50202,H
2186,M
43865,H
139984,H
55964,H
24212,H
116475,M
129855,M
6932,H
121253,M
103355,M
60317,H
72654,M
18971,M
54987,M
85842,H
57715,M
96037,H
57479,M
84205,M
16592,M
84830,M
111835,M
86664,H
1945,M
38066,H
11439,M
121863,M
113927,H
144708,M
113140,M
133889,H
85915,H
100110,M
148595,M
71955,H
123604,M
27076,H
119572,H
8107,H
74425,M
47544,M
144728,M
72813,M
101958,M
108889,M
48936,H
137104,M
96191,H
3273,M
149686,M
6943,M
125112,H
104894,H
134314,M
111577,M
116949,M
1007,H
30592,M
135433,M
127588,M
117509,M
83234,M
125675,M
25556,M
12751,H
111196,H
109874,M
116950,M
78826,M
132838,M
104531,M
121116,M
138382,M
143552,H
133303,M
140287,H
13784,M
4854,M
90503,H
140721,H
146802,M
113906,M
44486,M
136235,M
79031,M
67252,M
141963,M
32377,H
63240,M
84291,M
89473,M
51278,M
91855,M
43408,H
95623,M
10363,M
19483,M
35909,H
78205,M
30077,M
106487,M
132153,M
17845,M
5353,M
62630,M
150887,M
135307,H
37089,M
94536,H
48580,M
108136,M
108285,M
27846,M
32389,M
128514,M
32507,M
84193,M
14878,M
22715,H
22261,H
53661,M
111130,H
70275,M
5445,H
109718,M
49142,H
22238,M
60276,M
128782,M
118251,M
2191,M
114952,M
90810,H
95452,M
109841,H
123022,M
49130,M
85303,H
131430,M
102539,M
133213,M
75829,M
125680,M
39312,H
83898,M
122599,M
87497,M
67445,M
125649,H
109261,M
45719,M
138499,M
9137,M
112648,M
89591,M
50085,M
112398,M
142563,M
12041,H
51492,M
65203,M
6395,M
94550,M
29985,M
57327,M
63034,M
109538,M
46990,M
101135,H
70574,M
136861,M
140888,H
103896,M
61596,M
105755,M
43579,M
3056,M
131898,H
144600,M
35320,M
68807,H
13107,H
2487,H
93805,M
101727,M
102783,M
88224,M
35052,H
111868,M
25966,M
23155,M
105207,M
80063,M
2151,M
66421,M
148380,H
43263,M
112472,M
143723,M
36083,M
15266,M
136471,H
58600,H
26032,M
79472,M
68634,M
77408,H
17134,M
119909,H
118571,M
67081,H
106531,M
4706,M
142691,M
20401,M
3967,M
81715,M
114985,M
79521,M
10312,M
38516,M
73302,M
129249,H
97375,M
44854,M
62240,M
38925,M
86521,H
91337,H
100014,M
29339,M
92179,H
10082,H
125915,M
38601,H
147354,M
18941,H
125732,M
41951,M
59861,M
145552,M
68200,M
51012,M
86465,H
84441,M
42996,M
34639,M
118229,M
147695,M
76710,M
132567,M
100908,M
103916,M
114053,M
73952,M
151031,H
96373,M
19285,H
96183,M
15259,H
52634,M
148644,H
29234,M
85853,H
79008,M
144402,H
79921,M
17277,M
53133,H
46784,M
132136,M
137411,M
57392,M
79049,M
53994,M
91000,M
118402,M
109883,M
135230,M
97363,M
10607,M
119264,M
5035,M
150595,M
53719,M
103045,H
36894,M
53439,M
144792,M
45931,M
75824,H
41435,M
87256,M
63843,H
132352,M
143419,M
101254,M
135314,M
64353,M
61884,H
116629,M
43209,M
99657,H
29454,H
97586,M
135263,M
60621,M
98495,M
90986,H
97591,M
63139,M
79701,M
128527,M
132105,H
74777,M
102165,M
40299,M
151206,M
9992,H
19472,M
12067,H
28431,M
66167,M
99467,M
130120,M
125280,M
12669,H
58655,H
81612,M
107072,H
13420,M
119294,M
66837,M
95748,M
150307,H
67097,M
126704,H
134984,M
48783,M
130875,M
137680,M
13323,M
120785,H
49584,M
105982,M
59582,M
149561,M
61381,M
122544,H
40944,M
150885,M
2187,H
118483,H
58613,H
112084,M
58566,M
107305,M
48112,M
57368,M
3004,H
34424,M
95722,M
124080,M
56856,M
146879,M
92744,M
120289,H
64423,M
65829,H
147319,M
108097,M
148147,H
31203,M
139618,H
135531,M
103216,M
124807,M
143627,M
144855,H
52216,M
70279,H
84707,M
44357,H
30806,M
26022,M
74222,H
81145,M
106937,M
86033,M
123490,M
6741,M
5650,M
53065,M
151213,M
129120,M
148001,M
93311,M
100220,M
138803,M
39875,M
117043,M
130101,M
2366,M
107867,M
68427,H
73388,H
108796,M
86969,M
18874,M
116356,H
93886,M
78446,M
99358,M
21715,M
133515,M
45593,M
41954,H
24683,M
1498,M
137834,H
148572,M
133277,M
145791,M
88401,M
83931,M
3960,M
55117,M
24325,H
6258,H
59150,M
53471,M
142905,M
128265,H
70465,M
37866,M
37613,M
80359,M
71173,M
149792,M
49600,M
107707,M
28461,H
106077,M
52958,H
49716,H
94490,M
129058,M
76866,H
43290,H
119616,M
23671,M
88261,M
146581,M
132254,H
1690,M
53461,M
96921,H
132975,H
140811,M
38373,H
121479,M
5709,M
26679,M
31507,M
9278,M
12876,M
13042,M
138355,M
91813,M
147990,M
139368,M
101392,M
123053,H
115935,M
8993,M
46674,H
128627,M
52199,H
139507,H
115719,M
40231,M
125479,H
8154,H
139039,H
37087,M
48989,M
1822,M
44701,M
17272,H
78327,M
64432,M
5528,M
72889,H
24911,M
123349,H
111708,M
134322,M
12930,M
132197,M
8930,H
145991,M
98333,H
137864,H
93479,M
115315,H
139611,M
143940,H
136024,M
44123,H
121486,M
107487,M
76938,M
78531,M
56041,M
124876,M
141016,M
113028,M
78180,M
47500,M
30073,M
43662,M
31933,H
143850,M
70835,H
111636,M
47360,M
91807,M
140452,H
13030,M
33196,M
117605,M
45461,H
105251,M
116126,M
122628,M
138268,H
46405,H
108913,M
83881,M
85984,M
21235,H
93893,M
101024,H
133035,M
48715,M
108527,H
40534,M
144465,M
140971,H
86383,M
57272,M
35641,H
108467,M
150501,M
38790,M
86747,M
1912,M
129443,M
90219,H
6456,H
95857,H
104304,M
62865,M
93696,M
122103,M
85777,H
68626,M
129849,M
150245,H
84799,M
145757,M
130784,M
95502,M
58484,M
38315,M
75718,H
104001,M
24166,H
28908,H
72377,M
54454,M
40848,H
36504,M
19783,M
117145,M
56458,H
53828,M
10840,M
27258,M
85271,M
119133,M
3893,M
24961,M
148334,M
67788,M
34595,H
105380,M
125217,M
60524,M
27980,M
39210,M
20493,H
14663,M
63330,M
142801,H
77775,H
109635,H
122786,M
48736,M
40202,H
102619,M
59153,M
138614,M
98280,M
46497,M
10895,H
23084,M
26261,M
138839,M
107592,M
27142,H
119876,M
78787,M
16025,M
447,M
111875,M
111957,M
34010,M
106909,H
143133,M
107336,H
52788,M
41161,M
150565,M
9379,M
49170,H
82104,M
120311,M
37278,M
106905,M
49622,M
12843,M
80404,M
71980,M
50205,M
66018,H
11702,H
128257,M
25569,H
77917,M
26360,M
121291,M
63219,M
30393,H
33152,H
107352,M
44782,M
62823,M
137267,M
76360,M
105279,M
24374,M
41241,H
18938,H
101132,M
26624,M
103439,H
40207,M
91193,H
69827,M
119251,M
7374,H
144969,M
39399,M
80410,M
1117,H
117971,H
119675,H
102491,M
42961,M
6635,M
75439,H
1758,M
55989,H
118970,M
21967,M
81906,M
29468,M
18104,M
77042,H
67572,M
150433,M
66994,H
38035,H
69806,M
130612,H
75744,H
79808,H
49926,H
107706,M
96848,H
83885,M
57265,H
109062,M
3234,H
56546,M
52417,M
88609,M
96590,M
106281,H
23660,M
38247,M
6204,H
1182,H
26786,M
77922,M
146988,M
150444,M
65090,H
70090,M
45520,M
87431,M
147239,H
102691,M
54957,H
21620,M
55300,H
69435,M
65973,M
113480,H
130371,M
85473,M
72109,M
98667,M
49316,H
34526,M
77232,H
4921,M
112969,M
94021,M
66907,M
131175,M
35064,M
34773,M
73778,M
58815,H
42394,M
49909,H
36868,M
22772,M
34646,M
13555,M
1181,H
109721,M
78656,H
52042,M
47038,H
61687,M
65307,H
91063,M
7302,H
23006,M
50221,M
107457,M
118899,M
98533,H
116335,M
10690,M
66141,M
10927,M
101145,M
101923,M
112701,M
23299,M
22471,M
132597,H
28650,M
40808,H
45445,M
28494,M
117184,H
55204,H
129316,M
49325,M
86590,M
138359,M
126195,M
14337,H
57318,H
26826,M
55771,M
61754,H
125666,M
91622,M
125185,H
147152,H
134281,M
48753,M
145373,H
4,M
127252,H
35440,H
18959,M
127647,M
84052,M
65640,M
148963,M
96757,H
43105,H
3851,M
149206,M
31918,M
143309,M
107947,M
8685,M
135519,M
135656,M
78559,M
128577,H
3112,H
106544,H
28745,M
143212,M
22856,H
50240,M
28177,H
18100,H
98196,M
42288,H
304,M
126631,H
6566,H
79071,M
118800,M
34779,M
110345,M
48961,M
92534,H
9203,M
107353,M
111175,M
145864,H
97354,M
7046,M
4950,H
65007,M
133589,M
141327,H
40293,M
42376,H
360,M
118520,M
84862,M
75329,M
45680,M
296,M
151146,M
70664,M
136327,M
133995,M
21735,M
43370,M
22588,M
122836,H
38428,M
132933,M
120280,M
84526,M
43058,H
7781,M
99999,H
29305,M
113894,M
76203,H
138826,M
913,M
26352,M
62423,M
12394,M
33373,M
54413,M
64973,M
81555,M
98535,M
51227,M
127507,H
75908,M
123670,M
23792,H
31780,H
103819,M
64216,H
133522,M
71809,H
141822,H
145483,M
104667,M
28941,H
105839,M
33320,H
136163,H
1865,M
134472,H
122390,M
59501,M
127195,M
44682,M
94637,M
106355,H
97321,M
95721,M
116280,M
88330,H
23050,M
111423,M
48161,H
27645,H
19159,M
31298,H
40219,M
93656,H
27761,H
13132,M
63872,M
132162,M
87340,H
89586,M
10409,M
19994,M
4065,M
7961,M
103820,H
104748,M
137736,M
136657,M
121005,M
16416,H
72995,M
49440,M
12032,M
31008,H
87301,M
24032,M
2842,M
2621,M
52834,M
78665,H
133747,M
44726,M
71769,M
99166,M
17783,H
138309,M
133019,H
25109,M
62490,M
49605,H
24884,M
42299,M
128904,M
67602,M
123150,M
22365,H
21095,M
34504,H
38657,M
9367,M
78424,M
109766,M
38629,M
87412,M
104419,M
106906,M
150627,M
73413,M
6203,H
127008,M
27918,M
107333,M
125890,M
126326,M
57789,H
37443,M
149647,H
135056,M
95044,M
43951,M
123012,H
131765,M
18411,M
61444,M
37434,H
51911,M
124782,M
103880,M
105787,M
38442,M
92614,M
29606,M
23373,M
93850,M
41289,H
80013,M
142424,M
84836,M
41760,M
96138,H
57645,M
44059,M
110304,H
29727,M
32949,M
85270,M
51328,M
43643,M
121765,M
97910,M
6938,M
75758,M
90302,M
103741,M
45493,H
119473,M
44400,H
15213,M
38379,M
150252,H
125832,M
117709,M
10746,M
77154,H
112428,M
16098,H
15865,H
126770,M
33922,M
70603,M
67862,M
93749,M
30081,M
105213,M
40627,M
46642,M
36013,M
124112,H
48486,H
101679,H
56595,H
103532,H
1186,M
90876,M
57487,M
3385,M
44488,M
88843,H
60353,M
120583,M
40573,M
56120,H
53984,M
69986,M
49618,H
26600,M
96044,M
124435,M
64287,M
122765,H
133007,M
62503,H
22260,M
57841,M
90621,M
73297,M
26318,H
116348,H
117294,M
139318,M
18674,M
53803,M
948,M
78853,H
21457,M
32506,M
60645,M
121918,M
150178,M
72442,M
67850,M
120378,H
124228,M
137458,M
99250,M
136282,M
135348,M
56597,H
137181,M
120858,H
66734,M
86346,M
113921,M
42699,M
63443,M
9210,M
104272,M
15086,M
70716,M
64334,H
63075,H
80400,M
58377,M
123370,M
17372,M
27168,M
102199,M
9819,H
141031,M
50054,M
117533,M
77923,H
74969,M
99920,H
76663,H
83876,M
117029,M
124602,M
49113,H
43388,M
55234,M
26125,H
47217,H
10097,H
15014,H
36513,M
143107,M
150890,M
34555,M
138367,M
68647,M
92436,M
72806,M
64767,H
49063,M
138594,H
82064,M
40466,M
112489,M
131636,H
146792,M
142395,H
9052,M
86106,M
107820,H
105087,M
42014,M
80360,M
42143,M
37126,M
25823,H
354,M
76587,M
7971,H
93092,H
148467,M
32290,H
145669,M
42086,M
126136,M
6920,M
34797,H
21046,M
124240,M
64765,M
39132,M
90601,M
108295,M
40300,M
90859,H
7774,H
81004,M
7869,M
115208,M
51213,M
40997,M
10451,M
142765,M
7051,M
26376,M
34500,M
139,M
98441,M
118903,M
61243,H
10526,M
131091,M
1287,M
9640,H
104429,H
54432,M
79732,M
38038,M
64051,M
137621,H
64664,M
111601,M
57305,H
101332,M
102626,M
99082,M
57791,M
81430,H
74506,M
61658,M
24221,M
75346,M
50906,M
43616,H
119106,H
28564,M
78757,M
13337,M
14806,M
138985,M
151012,M
150824,M
25573,M
46390,M
144091,M
109150,M
71059,H
63431,M
128844,M
114867,M
18852,M
15967,H
136814,M
88670,H
132823,M
63456,M
93431,M
150527,M
106839,H
132066,M
14459,M
116533,H
41234,M
13141,M
13675,M
124993,M
134239,M
92051,H
58050,M
9633,M
60929,M
22333,M
128978,M
101643,M
51920,M
99187,M
52660,M
137416,H
102117,M
99385,H
19582,H
67334,H
119168,H
45837,M
40411,M
39915,M
136321,M
73659,M
117627,M
73635,M
141389,M
119043,M
45797,M
150257,M
29049,M
10706,H
95400,M
30755,M
39340,M
138563,M
49282,M
18620,H
63672,M
51647,H
18736,M
83063,M
128442,M
37107,H
52101,H
105138,M
42506,M
80242,M
97024,H
52525,M
54813,M
78834,M
759,M
24874,M
75266,H
109896,M
96503,M
48218,M
71695,M
41259,M
20502,M
43830,M
46715,M
127154,M
104691,M
772,M
142170,H
109465,M
49149,M
102432,M
50788,M
71532,M
58537,M
60522,H
131543,M
110557,M
82882,M
38242,M
59623,M
29815,M
53970,M
107263,H
27777,M
89284,M
72915,H
120151,M
109965,M
96827,M
116931,M
91590,H
3748,M
148507,M
135258,H
67992,M
106690,M
2871,M
136379,M
94613,H
116642,M
61363,H
10222,M
52640,M
130631,H
86400,M
121049,M
42645,M
24718,M
113813,M
72126,M
30397,M
7670,H
121631,M
69835,M
128632,H
75172,M
39723,M
150194,H
23599,M
60491,M
58968,M
131672,H
54871,H
35775,M
42377,M
83744,H
36028,M
147172,M
69868,H
79048,M
82520,M
30158,M
123486,M
71566,H
121615,H
361,M
4408,M
58306,M
40135,H
101886,M
48457,M
127368,M
70018,M
29541,H
52356,M
135194,M
88406,M
93897,H
70007,M
67214,M
112716,M
9945,H
47142,H
82558,H
52775,M
28152,H
61731,M
117476,H
7711,M
128163,H
55743,H
74351,M
116589,M
81153,M
95072,M
137764,M
81804,M
81285,M
4210,H
37804,M
141516,H
67851,M
28840,M
143569,H
132741,M
64823,H
55774,M
146930,H
99944,M
21223,M
89384,H
69323,M
38436,H
48197,M
27226,M
122119,M
115657,H
47058,M
110288,M
127536,M
59924,H
1051,M
78087,M
84450,M
12168,M
16873,M
47818,H
28602,M
26015,M
18693,M
71174,M
127628,M
150432,M
138940,M
20255,H
139480,M
72143,M
52184,M
85123,H
115163,M
116872,H
84952,M
61103,M
28186,H
111121,M
148790,M
104413,M
66650,M
82480,M
507,M
13452,H
63383,M
22936,M
108086,H
30395,H
99448,H
135833,M
142642,M
92450,M
51867,H
144825,M
110672,H
125210,M
26230,M
61592,H
29805,H
38308,H
132386,M
15112,H
34142,M
102361,H
90879,M
119490,M
36096,H
70267,M
85464,M
54365,M
118794,M
100818,M
143034,M
135937,M
71112,M
48599,H
10180,M
30831,H
38581,M
546,M
104822,M
145456,M
71902,H
38577,M
124029,M
21005,M
79727,H
112154,M
85569,H
14783,H
135547,M
79190,M
67405,H
34898,M
130115,H
68734,H
75682,H
92015,H
126040,M
46658,M
64004,M
54636,M
111354,M
123368,M
137528,M
65989,M
133714,H
7019,M
39412,M
56219,M
89552,M
104060,M
112546,M
20151,H
29816,M
51897,M
103661,H
134377,H
94335,M
91756,M
121350,M
2517,M
130755,M
53187,M
55274,M
137096,M
138024,M
126730,M
47296,M
136274,M
120441,H
15867,M
18901,M
141383,H
138814,M
57134,M
143958,M
12348,H
63043,H
123211,M
81548,H
84345,H
2716,M
138615,M
70921,M
46650,M
68644,H
131628,M
6510,M
36404,M
87238,H
34191,M
68856,H
84699,H
3978,M
28948,H
75654,M
135404,M
3944,M
19873,M
95600,M
28339,M
25456,H
86925,H
20902,M
135169,M
107717,H
119319,M
86752,H
142899,M
23916,M
113948,H
88731,M
26385,M
80074,H
137101,M
128252,M
114926,M
147200,H
84689,M
84054,H
143448,M
42627,M
128744,M
28800,H
68837,M
24478,H
121189,M
105019,M
57050,H
20085,M
53112,M
138325,M
117061,M
118477,H
44211,M
142207,M
95409,M
82495,M
35901,H
35302,M
77056,M
17652,M
5109,M
93997,M
35404,H
121517,M
109230,H
49393,M
127210,M
27543,M
100065,M
137997,M
90913,M
87641,M
120808,M
51940,M
64447,M
16977,M
44639,M
3540,M
101369,M
148805,M
110438,M
105692,M
150448,M
64350,H
83640,M
44845,H
33227,H
139580,M
10535,M
91907,M
63935,M
118008,M
8403,M
51378,M
117177,H
147964,M
30479,M
103113,M
78036,M
131783,M
112635,M
64059,H
86629,H
149244,H
103148,M
66977,H
42359,M
29493,H
52435,M
132892,H
40055,H
64613,M
7902,M
25476,M
66036,M
113215,H
35877,M
49782,H
131592,M
70310,H
84942,M
92926,M
134453,M
95951,M
128151,H
128406,H
93177,M
113030,M
22620,M
62638,M
41877,M
109135,M
78102,M
60036,M
73406,M
116361,M
108666,H
110776,M
96860,M
72355,M
2897,H
53245,M
40893,H
105609,M
23274,M
59056,H
3237,M
136447,M
38467,M
69765,H
20296,H
92566,M
3617,H
81399,M
16493,M
135081,M
139450,M
3532,M
123802,M
99907,M
140443,H
91341,H
3678,M
139931,M
103843,H
120545,H
45780,H
133254,M
136443,M
47299,M
20780,M
97717,M
129436,M
20193,M
56073,M
79360,M
58322,M
70335,M
40119,M
20126,M
25519,M
69222,M
81800,M
7427,H
36496,M
101543,M
39541,M
114427,M
2061,H
20394,M
64541,M
26853,M
3314,H
115778,M
141410,H
124710,M
7329,M
134185,M
79756,M
47936,M
60775,M
6806,H
74960,M
74231,M
45141,M
22426,M
51335,M
37923,M
113085,M
47779,H
2873,M
147762,M
111852,M
582,M
18191,M
75775,H
86707,M
58037,M
17840,M
88124,H
1461,M
85340,M
126957,M
131930,M
65826,H
14906,M
55621,M
88374,H
80852,M
43043,H
9406,H
62666,M
91613,H
1030,H
56322,M
32476,M
130087,M
110223,M
83929,M
4915,H
39387,M
86551,M
70542,M
85389,M
42725,H
80173,M
60774,M
104186,H
22020,H
118311,H
117529,M
79656,H
36704,H
90895,H
37635,M
113623,M
104700,M
90881,M
92009,M
61322,M
9069,M
122166,M
88947,M
81295,M
103101,M
43428,M
100019,M
45785,M
19696,M
64166,H
17093,H
94478,M
47014,H
150230,H
148160,M
128328,H
50419,H
83289,M
43055,M
75430,M
14483,M
2590,M
73762,M
8814,M
18497,M
108860,M
76633,M
31712,M
49215,M
131504,H
767,M
116446,H
9568,M
28120,M
2819,M
34678,M
89827,H
12049,M
32482,H
100185,M
11280,M
126000,M
14030,H
143894,M
123268,H
100734,M
124373,H
90980,M
77822,H
149982,M
52665,H
98359,M
21449,M
80932,H
102513,M
117234,M
68020,M
52568,M
138636,M
62848,H
136456,M
126761,H
70984,H
6931,H
131797,M
90513,H
7813,M
78811,M
147646,M
59718,M
140744,H
99640,M
117678,M
109298,M
45726,H
144016,H
1764,M
114830,M
116898,M
7761,M
95467,M
37417,H
150839,M
117930,M
145229,M
126366,M
134693,M
42905,M
98746,M
32228,M
41746,M
116536,H
27099,M
58491,M
47466,M
124733,H
23682,M
110361,M
114318,H
39979,M
42353,M
88964,M
146817,M
129982,M
119701,M
12219,M
112301,M
105822,M
123695,M
141994,H
68340,M
27686,M
125786,M
21940,H
112781,M
127194,M
103622,M
37221,H
66345,M
34537,H
142579,M
90159,M
9929,M
53729,M
83688,M
104066,M
95734,M
38660,M
122638,M
148427,M
1521,H
17026,H
76976,M
92466,H
48141,H
15350,M
87778,H
70815,M
89644,M
138496,H
19462,H
28793,M
17396,M
91664,M
26006,M
27704,M
125568,M
72947,M
71693,M
57815,M
105437,M
82381,M
129738,M
135791,M
39269,M
97736,M
124421,M
111632,H
56401,H
89737,M
15183,M
73841,H
126241,M
66331,M
24936,H
99228,M
83156,M
103869,M
66807,M
106968,H
62509,H
66532,M
66059,M
33468,H
65510,H
151168,H
64927,M
99047,M
72038,M
107405,H
15628,H
60877,M
73846,M
17638,H
136265,H
34469,M
59796,M
84884,H
130185,M
118195,M
59854,M
33652,M
48962,M
150137,H
42265,M
35387,M
1510,M
76050,M
97593,M
92547,M
15519,M
104124,M
142819,M
139043,M
62769,M
99578,M
28796,M
92219,M
132059,M
82968,H
44664,H
96683,H
94960,M
39146,H
23942,M
52143,H
95810,M
22711,M
104145,M
16638,M
83054,M
56259,M
108004,M
67901,M
110060,H
83598,M
39414,M
7721,H
32308,M
106206,H
62897,M
126810,H
143383,M
108091,H
75981,H
965,M
1882,M
23308,M
99308,M
94434,H
110149,M
103266,H
29187,H
56568,M
80099,M
4943,H
140834,H
87770,M
51983,M
113445,M
146807,H
58367,M
145109,M
75534,H
123391,M
16841,M
36453,H
131736,M
144228,M
47547,H
20874,M
20267,M
45963,M
56663,M
74547,M
101712,H
58847,M
15533,H
117652,H
72305,M
35520,H
136096,H
64841,M
38763,M
28159,H
116775,H
93598,M
10195,M
87236,M
119916,M
108154,M
97666,M
104993,M
65471,M
5018,M
87304,M
94208,M
146006,M
129520,M
12909,M
54374,M
16038,H
62993,M
145372,M
103893,M
36797,M
145543,M
100445,M
3411,H
119254,M
9910,M
2862,M
133519,M
124399,H
92266,M
135689,M
28451,M
43155,M
146365,H
111942,H
45339,H
39071,M
116906,M
90836,M
123398,M
124902,H
95481,M
119990,M
113534,M
119847,M
25630,M
126146,M
92741,H
36259,H
105946,M
98767,M
52758,M
138203,H
131171,M
84778,M
64610,M
58658,M
30750,H
111233,H
56447,M
71997,M
1394,M
37955,M
16947,M
87997,M
63913,M
103331,M
46799,M
147067,M
67382,M
46905,M
37420,M
36068,M
13309,M
35671,H
91950,M
26946,H
96554,M
129267,H
46928,M
99529,M
86994,M
118400,M
116490,M
86339,M
72586,M
54734,H
55351,M
97308,M
113911,M
129527,M
112947,M
67759,H
62044,H
132247,H
99138,M
85452,M
71497,M
124672,M
75305,M
145466,M
106251,M
58520,M
52036,H
44714,M
21816,M
42731,H
141174,M
13451,M
69916,M
85343,M
65291,M
41905,M
77279,M
92178,M
112153,H
24268,M
112499,M
124245,H
69088,M
44594,H
114561,M
93641,M
71293,H
93973,M
120458,M
108340,H
136514,M
139783,M
51749,M
117758,M
134668,H
28139,M
118161,M
149657,H
5282,M
60667,H
96523,M
113286,M
139940,M
88274,M
89825,H
24521,M
60872,M
90550,M
34185,M
96149,M
134293,M
102107,H
0,H
107960,M
120780,M
113845,H
80646,M
53934,M
41585,M
79252,M
237,H
109160,M
94367,M
16067,H
19374,M
17567,H
10106,M
69871,H
65490,M
18600,M
45254,M
120788,M
121277,H
14563,H
148886,M
67058,M
22512,H
5673,M
74482,M
121518,M
56334,M
95791,H
101404,M
113795,H
44643,M
24709,M
9936,H
11641,H
25214,M
147482,M
66883,M
10326,H
47107,H
63927,M
54125,M
81812,M
43340,M
33450,M
119161,M
59412,M
113802,H
36807,M
90808,M
22390,H
15294,H
14762,M
4060,M
77897,M
112465,H
107892,H
17291,M
55526,H
69885,M
132915,M
24576,H
77499,H
57829,M
15769,M
141712,M
131366,M
84509,M
95702,H
94310,H
135447,M
124334,M
58264,M
45518,M
40257,H
13767,M
69117,H
12858,H
98543,M
96520,M
4592,M
55791,M
87426,M
149082,M
18953,H
1170,M
36958,M
9467,M
1687,H
24767,M
66845,H
126293,M
68679,M
104065,M
115367,M
113362,M
103923,M
49877,M
69582,M
52551,M
36879,H
52249,M
94539,M
19924,M
36080,M
42556,H
53619,H
2764,H
130856,M
68847,M
130401,H
150343,H
117022,M
17178,M
63940,M
79392,M
138656,H
46111,M
51237,M
92475,M
44167,M
47526,M
112078,M
5179,M
86024,M
70104,M
53253,H
140077,H
19490,M
94243,M
77114,M
73127,H
99402,H
117198,M
42614,M
118643,M
57884,H
72161,M
109704,M
79522,M
92772,H
17613,M
45516,H
32341,M
132076,H
17828,M
17593,M
24,H
92949,M
89973,H
42642,M
150092,M
128680,H
129748,M
87884,M
58665,M
118811,M
98643,M
59598,M
49474,H
55805,M
66705,M
105958,M
40318,M
121247,M
116277,M
102007,H
121967,M
68742,M
125543,M
117227,H
72286,M
114751,H
130083,M
1211,M
42441,M
104643,M
55380,M
59275,H
63678,M
113143,M
41553,M
136935,M
113298,M
87568,H
22353,M
7685,M
98183,M
72237,M
14669,M
6720,M
34707,M
87975,M
77575,M
9686,M
16932,M
117390,M
21238,M
96592,M
24484,H
19899,M
97695,M
102919,H
24088,M
39140,M
4677,M
70038,M
148692,H
16483,H
46135,M
25031,M
101581,H
38745,M
140348,M
116158,H
111,M
105336,M
35159,M
81220,M
12667,M
120398,M
16348,M
58088,M
81930,H
43383,M
684,M
70355,M
140910,M
102625,M
5095,M
98374,M
139547,M
15883,H
17764,M
147613,M
96299,H
2817,M
32062,M
41780,M
92779,M
106887,H
58841,M
60362,M
73761,H
37726,M
56273,M
111599,H
97117,M
28158,H
70727,M
84665,M
4079,M
134760,H
17892,M
17520,M
11270,M
27626,H
115383,H
63834,M
78859,M
64365,M
86592,M
70940,M
128722,M
21003,H
47136,M
123473,H
10427,M
18097,M
30767,H
26984,M
132499,H
14271,M
126513,M
38758,M
52715,M
91939,M
32047,H
109070,M
70497,M
32480,M
9604,M
23879,M
35856,M
16718,M
3429,M
14731,M
75216,M
71638,M
105168,M
43600,H
4023,M
150560,H
97250,M
16074,H
37370,M
119169,H
37691,M
128918,H
72858,H
5453,M
117225,M
59920,M
148643,M
12120,H
146618,M
54287,H
136966,M
5003,M
4365,M
107800,M
28636,M
108357,M
24029,M
146675,M
140092,H
86326,H
45299,M
59669,H
146117,H
93676,M
108854,H
106536,M
99367,M
79069,H
122124,M
121230,H
73621,M
3248,M
123830,H
135780,M
86332,M
88281,M
89822,M
37422,M
130539,M
138149,M
24743,M
129004,H
127483,H
23464,M
22121,M
24777,M
133219,M
16048,M
121651,M
125575,M
13536,H
56876,M
130428,M
70404,M
116796,M
21215,H
143055,M
26742,M
99370,M
19774,M
33512,H
93155,M
38881,M
57598,M
2695,M
115648,M
19822,M
132819,M
2120,H
39868,M
70115,M
29484,M
39493,H
15272,M
99198,M
141562,H
99498,M
108985,M
83581,M
40963,M
126714,M
60568,M
46198,M
67500,M
149767,M
29820,H
100053,M
49648,M
14708,H
137358,M
531,M
47618,M
75876,M
136449,M
25186,H
106161,H
41043,M
15786,M
69102,M
25601,H
106003,M
60021,H
131027,M
116461,M
82083,H
129153,H
87762,H
108931,M
58262,H
112891,H
14487,M
4691,H
50838,M
121358,M
108847,M
123785,M
112864,M
109876,H
78819,M
110129,H
139531,M
60370,M
7937,M
103732,H
6698,M
33118,M
147232,M
88700,H
75264,M
68348,M
122078,H
32241,M
110809,H
40557,M
7792,M
20156,M
81551,H
60564,M
43336,M
10453,H
124229,H
67898,M
55026,M
7407,M
132284,H
120196,M
21103,M
86086,M
102355,M
151371,H
125840,M
6,M
52490,H
36549,H
7528,M
31797,M
91514,M
10885,H
58399,M
91899,H
48839,M
70417,M
123958,M
44313,M
132361,H
115635,M
24144,M
111906,M
48267,M
7311,M
111323,M
16442,M
74990,M
99339,M
136361,H
25841,H
41145,H
95628,M
66717,M
138169,M
89021,M
27571,H
44495,M
107730,H
7532,M
59518,M
24138,M
67827,M
141789,M
135377,M
145915,M
71435,M
65984,H
67958,M
29897,M
105899,H
47782,M
120230,M
148241,M
30226,H
94675,M
91768,M
117752,M
42816,H
21531,M
11507,M
94609,M
61632,H
105473,M
76963,H
98224,H
69250,M
84473,M
150544,H
98220,H
22737,M
75001,M
43947,M
31707,M
108130,M
83593,M
77699,M
151041,M
58682,M
79562,M
146925,M
137685,M
54789,M
85954,M
137070,M
36938,M
57339,M
26027,H
62266,M
55850,M
12954,M
145190,M
119563,M
39826,H
144181,H
135913,M
145850,M
59803,H
18405,M
113774,M
98806,M
137110,H
60055,M
6076,M
143487,M
115913,M
11519,M
132961,M
136564,M
57691,H
114972,M
34603,M
51941,H
135160,H
38972,M
132979,M
69624,M
133835,M
89163,M
30491,M
116776,M
130049,H
8278,M
124463,H
142562,H
53492,M
46232,M
36593,M
23724,H
43295,M
99579,M
148080,M
41092,H
64636,M
135607,M
122315,M
65413,H
81340,M
102933,M
112752,M
102956,H
142872,M
141352,M
114602,M
40012,H
140625,H
79456,H
147266,M
25974,M
89886,H
106465,H
149658,M
9885,M
131125,M
89642,M
14915,M
122897,H
113575,M
48356,M
88582,M
96435,M
37130,M
50324,M
124963,M
134672,M
61251,M
111105,M
21928,H
49768,M
30454,H
75830,M
149133,M
103630,M
66808,H
117378,M
78556,M
11017,H
43548,M
137901,H
107859,H
57620,H
89890,M
71256,M
65610,M
12187,M
87124,M
127786,H
143215,H
77961,H
71779,M
110087,H
33795,M
100208,M
127889,M
51416,M
16620,M
78578,M
50615,M
18920,M
55557,H
127000,M
72506,H
7193,M
127238,M
41298,M
55424,M
8467,H
43444,M
15616,M
54486,M
89442,M
13260,H
22809,H
36360,M
134988,M
39491,M
54421,M
83342,M
58937,H
42959,H
15034,M
132132,H
111493,M
13897,M
18269,M
116333,M
6764,M
126633,M
82904,M
115518,M
80985,H
75872,H
86344,M
12483,H
69454,M
134467,M
117256,M
134832,M
28149,M
42023,H
58,M
34973,M
28673,M
21673,M
49187,M
81040,M
62990,M
90821,M
22706,M
66896,M
43536,M
11813,M
88327,H
138917,M
113429,M
141396,M
131241,M
13380,M
91475,M
23971,M
147312,M
25950,H
96269,M
74249,M
13386,M
129585,M
20802,M
10602,M
123106,M
55341,M
140441,M
6500,H
24610,M
50619,M
6805,H
109331,H
148900,H
124401,M
134152,M
140005,M
85077,M
140467,M
99434,M
104275,M
16375,M
148510,M
103234,H
56022,M
96273,M
118785,M
71364,H
121962,H
132487,M
62532,M
42607,M
103348,M
123866,M
107623,H
85551,H
138474,M
108938,M
7740,M
13318,H
122424,M
21007,M
104074,H
31903,H
89285,M
32624,M
17972,M
102410,M
128197,M
21339,M
139544,M
16338,M
87440,M
11056,M
101021,M
34706,M
22862,H
10561,H
105712,M
150476,M
99701,M
34374,M
41749,H
135299,M
118228,M
8616,H
111698,M
126843,M
18750,M
123362,M
84148,M
128264,M
55595,M
87277,H
67165,M
53774,M
48696,M
45744,M
150739,M
2271,M
95020,M
15891,M
100600,M
119997,M
85968,H
105530,H
87642,M
76642,M
143900,M
12560,M
121648,H
53468,M
4230,M
88966,H
75991,M
8112,H
91379,H
53519,M
24517,H
89757,M
21191,H
80162,H
23270,M
28107,M
135931,M
83863,H
127656,M
108350,H
74914,H
107594,H
64763,H
102674,H
41103,H
15144,M
59142,M
91387,M
78724,M
41990,M
81089,M
150329,M
12618,H
69604,M
58004,M
64398,M
77248,M
75637,H
3701,M
140471,M
114939,M
75224,H
74420,M
57153,M
27958,M
23748,H
124778,M
128196,H
73603,H
8433,M
115416,M
86140,H
124576,M
19298,M
40512,M
103537,M
133627,H
80016,M
91425,H
20016,M
101925,H
25890,H
101053,H
79441,M
38752,M
38498,M
102898,M
129445,M
30609,M
11745,M
122696,M
43018,M
13018,H
